{"train accuracy": 24.68599999572754, "train loss": 1.9304496242523193, "val accuracy": 25.290000018310547, "val loss": 1.900931237411499, "_timestamp": 1678958380.1540918, "_runtime": 103.90347576141357, "_step": 3, "_wandb": {"runtime": 113}}