{"train accuracy": 74.11199997314453, "train loss": 0.7325653391075134, "val accuracy": 71.479999609375, "val loss": 0.8028484755516052, "_timestamp": 1678962286.382018, "_runtime": 2409.7843589782715, "_step": 99, "_wandb": {"runtime": 2411}}