{"train accuracy": 90.50753671092042, "train loss": 0.3797135564204974, "val accuracy": 71.23574074753328, "val loss": 1.2685928168380942, "_timestamp": 1678935607.97628, "_runtime": 12782.351821899414, "_step": 8}