{"train accuracy": 42.926000018310546, "train loss": 1.5715569287872315, "val accuracy": 47.61000005493164, "val loss": 1.4761409065246582, "_timestamp": 1678866129.4245033, "_runtime": 29.810031414031982, "_step": 0}