{"train accuracy": 99.92, "train loss": 0.0036478170792758466, "val accuracy": 84.06999975585937, "val loss": 0.7915179730415344, "_timestamp": 1678867199.099577, "_runtime": 1099.4851050376892, "_step": 46}